province,city,name,country,id,phone,email
Rhode Island,Lake Lelandtown,Kaia Skiles,Macau SAR China,0,1-024-407-3473,Madalyn_Stiedemann@jessy.us
Wisconsin,Heathcoteview,Shayna Ondricka,Costa Rica,1,957-266-3365,Brittany@juliana.tv
Alaska,Torpside,Osborne Collins,São Tomé and Príncipe,2,968-753-8732 x588,Delores.Huels@trudie.net
Kentucky,Hillarychester,Hailie Nienow,Iran,3,1-579-066-7988,Jadon@dorian.io
Mississippi,New Ethelview,Dr. Alia Haag,Macedonia,4,1-389-871-4715 x054,Erika@kelly.com
Maryland,North Dylan,Aron Lesch,South Africa,5,974.829.6844,Hailee.Hills@ali.info
New York,Port Laylaland,Gerry Wolff,Trinidad and Tobago,6,(832)834-3151,Cayla@judge.biz
Montana,New Heatherborough,Virginia Bosco,Peru,7,(085)441-4353 x097,Joanny@mya.me
Arkansas,New Eveline,Marge Fadel,Colombia,8,1-856-533-1669 x207,Merle@evalyn.biz
Florida,Margotland,Lew Spinka,Pakistan,9,192-557-3143 x775,Jarrell@gertrude.io
Illinois,South Norenechester,Krista Goldner,Antigua and Barbuda,10,375-995-6754,Susanna.Shields@gregorio.me
Louisiana,New Angelinaton,Mackenzie Hickle,Saint Martin,11,(247)373-9549 x488,Shayne_Bashirian@winnifred.org
Connecticut,Halvorsonhaven,Miss Sabina Koch,Cameroon,12,(932)788-1983,Thaddeus@idella.ca
Vermont,East Aurelieton,Carolyne Gerlach,Sudan,13,(260)642-8808,Keenan@ignacio.com
South Dakota,North Angelicamouth,Mckenzie Heaney Jr.,Moldova,14,743.859.3033,Miles_Trantow@trisha.net
Nebraska,Leschberg,Abner Bartell,Israel,15,579.711.7115 x18364,Marques_Reilly@marian.com
New Hampshire,Lilianafurt,Emmy Buckridge,Portugal,16,962-211-6529,Fern.Konopelski@kiel.io
Oregon,Wuckertport,Adolf Armstrong,Fiji,17,709-037-7418,Francisco.Wehner@oswald.us
Hawaii,New Julianneton,Lorenz Hegmann,Falkland Islands,18,1-811-012-7596,Gina_Berge@jaylon.ca
New York,Lubowitzmouth,Tiara Fritsch,British Antarctic Territory,19,698.284.2890,William.Rath@marjory.biz
Wyoming,Breannastad,Anne Mitchell,Philippines,20,1-471-706-6910,Alyson@prudence.ca
Wisconsin,Port Vinniemouth,Mr. Jo Cassin,Bahrain,21,480-043-6402,Glenna@rhianna.biz
New Mexico,Nelsonland,Orrin Oberbrunner,New Zealand,22,1-133-067-3046 x850,Whitney@kaleigh.co.uk
New Hampshire,Alfberg,Anderson Beahan IV,Chile,23,018-884-5653,Jacynthe_Kilback@jovanny.me
Oklahoma,North Sethview,Orie Prohaska,Neutral Zone,24,036-395-8606 x6469,Sandrine_Hand@candido.io
Nebraska,Boehmmouth,Mabelle Corkery,Dronning Maud Land,25,409.305.7781 x19582,Beatrice.Streich@nolan.biz
South Dakota,Lake Rachelle,Lila Fahey,Antigua and Barbuda,26,963.999.4350 x7255,Vivien@ashtyn.net
Montana,Lake Michaelaton,Augusta Morissette,El Salvador,27,895-333-9588,Madaline_Jewess@perry.biz
Alaska,Lake Santoshaven,Lauren Herzog,Cook Islands,28,1-572-875-1104 x820,Rickie@kelvin.biz
Louisiana,Lake Flaviochester,Mohammed Daniel,Bhutan,29,1-595-546-9725,Ulices.Douglas@carleton.info
West Virginia,Rylanside,Dr. Madisen Hoeger,Serbia,30,1-675-885-4692,Eulah@adela.us
Connecticut,Bruenberg,Elbert Wilderman,Micronesia,31,090-895-5838 x394,Weldon_Flatley@shyanne.ca
Louisiana,Sanfordfort,Rosendo Hermiston,Trinidad and Tobago,32,(291)320-8837,Coty.Johnston@don.net
Wisconsin,North Lindsaybury,Robbie Koepp,Tokelau,33,192.403.6344,Jalyn_White@april.co.uk
Nebraska,Lake Lelandstad,Mathias Welch,Saint Martin,34,656.791.2146 x47106,Franco@laverna.com
Arkansas,South Franciscoburgh,Ms. Judge Stiedemann,Russia,35,267.753.3671,Carole@rachelle.org
Vermont,Abelardoberg,Dr. Haylie McGlynn,United Kingdom,36,026-190-8576 x2734,Beulah@damian.ca
New Hampshire,Creolafurt,Delfina Hackett,Samoa,37,1-048-146-9833 x8984,Amy.Schamberger@nayeli.me
Mississippi,Jewessside,Esperanza Hammes I,Ghana,38,1-635-340-6073 x753,Breanna.Schmidt@ari.biz
Mississippi,New Jaronburgh,Mr. Lavonne Emard,Gabon,39,084-581-2037 x33392,Albina_Terry@derrick.org
Montana,East Rodrickport,Ms. Dixie Jerde,British Indian Ocean Territory,40,013.737.4410 x31933,Pierce_Upton@mazie.me
Washington,Jennyferville,Ms. Stanton Marks,Nicaragua,41,676.084.2871,Alexanne.Hammes@chandler.ca
Florida,East Rosshaven,Emory Jacobi,Norway,42,295.759.2961 x8814,Alize@hulda.info
Missouri,Port Alford,Cydney Block Sr.,Qatar,43,503.679.4740,Sam@malcolm.me
West Virginia,South Chadrickfort,Dahlia Kuhic,Qatar,44,(590)875-7074,Stone@santiago.org
Florida,Samirside,Miss Elda Dickens,China,45,(295)879-6342,Nigel_Jenkins@jerry.org
Kansas,East Reedberg,Miss Jakayla Pfeffer,Netherlands Antilles,46,1-591-481-9397 x2815,Vernie.Flatley@andy.ca
Utah,North Leolamouth,Amanda O'Hara Jr.,Svalbard and Jan Mayen,47,(623)947-5268 x06159,Meaghan.Kassulke@murphy.name
Kansas,Port Mervinview,Dominique Kling,Congo - Brazzaville,48,468-426-6747 x098,Stuart.Emmerich@kiera.name
Alaska,Russelmouth,Dolly Jacobs,Norway,49,1-088-902-4746 x48142,Hildegard.Dicki@nigel.co.uk
South Carolina,South Tavares,Sierra Morar,Colombia,50,1-949-770-8524 x851,Clinton.Rohan@nathen.co.uk
Tennessee,Port Idell,Noe Krajcik,Gabon,51,1-696-650-7512,Columbus@belle.biz
New Jersey,West Aurelie,Mrs. Millie Veum,Mali,52,(902)649-2509 x497,Franco@hailee.biz
Illinois,East Ismaelland,Miss Mitchell Torp,Dominican Republic,53,616.953.6943 x5059,Arianna_DAmore@leola.io
Illinois,West Delta,Pinkie Runolfsson,United States,54,(863)054-3061 x90545,Laron@hertha.co.uk
Montana,Port Rhianna,Roselyn Schimmel,Ireland,55,1-908-865-6410,Gregorio_Bode@jermey.tv
New York,East Monserrateside,Angie Walsh,Poland,56,1-400-558-1474,Agustin@quinn.biz
North Dakota,East Lawrence,Owen McClure,India,57,(553)143-0642 x9773,Adella.Kassulke@franco.com
Connecticut,New Manuela,Mr. Daniela Bartoletti,Greece,58,857-674-7716 x44575,Adrian@philip.biz
Wisconsin,North Georgianatown,Akeem Hammes,Togo,59,517.549.8487,Rosendo.Hudson@keeley.biz
Tennessee,Port Leilanihaven,Miss Dalton Hilpert,U.S. Minor Outlying Islands,60,786-353-1618 x49551,Kenyon@gwendolyn.name
Washington,North Emiliano,Miss Grayce Rodriguez,Liechtenstein,61,(659)440-6268,Maxie@lennie.info
Delaware,Port Waltonfort,Sonia Paucek,Liberia,62,187-331-8196 x62247,Addison@elyssa.io
Montana,Garettchester,Shad Quigley,Malta,63,611-917-1523,Anahi@mozelle.tv
Montana,New Henriview,Claire Roberts,São Tomé and Príncipe,64,(018)506-8147,Alycia.Sporer@blaze.io
Hawaii,Ledatown,Elmer Murphy,Taiwan,65,020-409-5292,Monique@monty.me
Mississippi,New Ava,Monserrate Leuschke,Burkina Faso,66,611.432.2888 x995,Hipolito@katheryn.biz
Oregon,South Kaylahborough,Hazle Cole,Thailand,67,835.781.1182,Adalberto@mavis.io
New Mexico,South Myrtisland,Bianka Kshlerin,Tuvalu,68,140.179.2738,Savion_Kilback@jarrell.com
Massachusetts,Lake Germaine,Dr. Vivien Howe,Micronesia,69,(542)805-9060 x3381,Genoveva.Hand@evangeline.me
Indiana,Boehmport,Sylvester Feest,Niue,70,1-771-534-6883,Gregory@ian.name
Missouri,New Jeromeside,Tessie Miller,Benin,71,1-193-592-0015 x636,Constantin@mabelle.net
Massachusetts,North Celia,Delores Boehm,Sudan,72,950.783.5532 x78442,Myrtie@kayley.info
Washington,Lake Olaf,Kiel Mraz,Svalbard and Jan Mayen,73,1-668-649-2528 x52187,Susanna_Konopelski@jacynthe.io
Kentucky,Rosenbaumchester,Mozell Nader III,Mayotte,74,880.390.2673,Kieran_Leffler@lilla.ca
Illinois,East Flaviechester,Xander Von,Madagascar,75,1-706-240-6157,Hortense_Feeney@bell.biz
Ohio,Lake Jared,Tierra Osinski,Monaco,76,245.359.4151 x17892,Rick@stephany.me
Rhode Island,Kulastown,Yasmine Hegmann,Pakistan,77,830.789.3631 x0113,Minnie@ian.us
Connecticut,West Ricardohaven,Emmanuelle Little,Finland,78,028.281.8148,Connor.Robel@tate.name
Nevada,North Leliaburgh,Wilford Runolfsdottir,Gambia,79,1-256-900-7225 x1221,Granville@benedict.me
New Hampshire,West Derick,Bernhard Keeling,Vatican City,80,1-066-254-5064,Asha_Carroll@delfina.biz
Alabama,Kossland,Makenna Kuhlman,Montserrat,81,731-978-5116 x997,Marielle_Wiegand@elody.com
Rhode Island,Laurelchester,Betty Balistreri,Monaco,82,303.532.6894 x906,Vincenza@ashtyn.tv
Alaska,Mosciskiport,Miss Kimberly Berge,Liechtenstein,83,(807)314-3899 x007,Celine@okey.io
Michigan,Donnellyfort,Dallas Goyette,Niue,84,397.570.7870,Luisa@mariane.name
Washington,South Ramonshire,Mellie Batz,People's Democratic Republic of Yemen,85,(737)158-3594 x36419,Jose@savannah.biz
Oklahoma,Doyleville,Camille Pacocha,Pitcairn Islands,86,(958)958-8624,Melody@hester.biz
Washington,Flatleyhaven,Mikayla Stamm,Panama,87,699-679-2065 x217,Kayli.Bins@demarcus.me
Wyoming,Hicklefurt,Larue Beier,Gambia,88,377.173.7011,Hattie.Monahan@athena.tv
North Dakota,Rodriguezport,Giovani Gerlach,Vietnam,89,823.924.0027 x0012,Cameron_Skiles@giles.info
Michigan,Bayerland,Eleazar Wisoky V,French Southern and Antarctic Territories,90,(992)521-1808,Faye@reilly.name
Florida,Lehnerview,Felicita Klocko,Monaco,91,(735)091-8205 x66153,Desiree@cathy.co.uk
Georgia,North Ezekiel,Hipolito Hirthe,Johnston Island,92,095.627.5425 x592,Morgan@sheldon.org
South Carolina,Lake Hallieport,Rosalee Hilll,Mali,93,(048)711-1504,Jazmyne_Zieme@rylan.us
Alabama,South Monte,Lenny Jacobs,Grenada,94,(167)210-7467 x72718,Josiane.Stokes@thelma.com
Nebraska,West Rockytown,Ashton Cruickshank,Cayman Islands,95,(206)337-2813 x5391,Brant@lindsay.net
Missouri,Wayneburgh,Jett Gulgowski DDS,Cyprus,96,(822)245-4638 x15206,Octavia.Larkin@ivory.biz
Delaware,West Dominicchester,Gregg Hoeger,Egypt,97,894-908-9455 x881,Dagmar_Lockman@karelle.com
South Carolina,Bodehaven,Shaniya Howell,Malta,98,(198)413-8663 x3075,Lillian_Lockman@elsa.ca
South Dakota,Erdmanmouth,Gilda Tromp,Guyana,99,1-779-405-9928 x95539,Hope@cassandre.info
